,author,like_count,comment,authorImage
0,victorrajasa8708,0,Ini Universitas IT keren .kemarin hadiri.wisuda anak saa disana. Acara wisudanya asyk lebih asik dibandingkan saat memghadiri wisuda anak saya lainnya di UPN dan UGM Bravo AMIKOM Sukses,https://yt3.ggpht.com/ytc/AIdro_kW_bXWV7k4rFx3O4HSuLuPPIiF4METw-9WTio0KxCwg4CGcdBkOEn6xuHTqAYiwQcNLQ=s48-c-k-c0x00ffffff-no-rj
1,zainuriadipratama2517,0,Terimakasih amikom .walau gak bekerja di bidang IT tp berkat ilmu kewirausahaan saya jadi pengusaha alhamdulillah üôè,https://yt3.ggpht.com/ytc/AIdro_kIUAR70zKJWgXzz9mpPJrOpqgJv_JoCVRUAqrStx9O0A=s48-c-k-c0x00ffffff-no-rj
2,FajarSaja-ci8ns,0,Hadirr... Alumni AMIKOM 2004...üòÅ,https://yt3.ggpht.com/ytc/AIdro_n1UKC1gAN-YFZhCUog2kUuCJSGEwpbZCeeUyGChCtqFwdMgMoUCpJptjOM5HdMhNgHCg=s48-c-k-c0x00ffffff-no-rj
3,kajiquran3235,2,S2 PJJ prodi ilmu ttg apa ya,https://yt3.ggpht.com/fZZZ1bQQnm0Ao0OvOxk_7BzS4XM4IctfntO7ALWm5GyttLLh-xK9oa4a0INmWAIDG3q19IYC=s48-c-k-c0x00ffffff-no-rj
4,mamiekfujiastutie6190,4,"Alhamdulilah anakku lulusan sarjana Tehnik Informatika dari AMIKOM baru wisuda kemarin tgl 27/5 2023,semoga ilmunya     berkah kedepannya dan bisa sukses.amiiin ya robbal a&#39;lamiiin.AMIKOM is the best",https://yt3.ggpht.com/ytc/AIdro_kN6VpduN8Xi1XJzaY4WPou5X_IZtlANC05JMm6e0yeWCA=s48-c-k-c0x00ffffff-no-rj
5,keishanurazizah1784,0,disini adakah yang baru masu masuk daftar tahun depan yg gapyear?,https://yt3.ggpht.com/ytc/AIdro_lry5t2S9CBkuXn7Kq1b9WOi6QeOlVNz7kq18pNWnkNZ_GIVopzjXPkqp_Y2rf2p4WTSA=s48-c-k-c0x00ffffff-no-rj
6,shayuntea,0,"kulah disini menyenangkan , alhamdulilah berakrir dengan bekali dari Amikom saya rasa  amikom jagonya, tahun 2001 saya ambil jurusan D3 teknik Informatika,  program PSU menggebrak naluri saya untuk menjadi seorang professional dan menjadi manusia terbuka dan menerima perubahan demi sebuah kemajuan, sebenarnya saya masih merasa gagal karena belum menjadi enterpreneur seperti yang di inginkan oleh prof pak suyanto hahahaha,  tapi saya  bersyukur dengan karier saya, dengan label tukang komputer saya bisa berkarier ke berbagai arah dari mulai edp sampai sekarang jadi HR Manager di sebuah PMA, thanks amikom, spirit perubahan nyata di kampus ini, saya paling suka perpusnya, mau baca buku apa tinggal ngomong ke petugas perpus kalau tidak ada nanti dibelikan , luarrr biasa",https://yt3.ggpht.com/ytc/AIdro_njMOdgeXaaWu4Y9AQjELN2lt412C8Q7Leo0zqDnO32bowg=s48-c-k-c0x00ffffff-no-rj
7,yukcoding,3,"Founder kami sedang kuliah MTI disini, semoga lancar hehe",https://yt3.ggpht.com/ytc/AIdro_kwfZ9CCMN2lOLxvmvZyym1uPCCi61UiNFfGjOzO5l_JQU=s48-c-k-c0x00ffffff-no-rj
8,fifis9553,0,"Maaf, mohon info apakah ada jurusan Hubungan Internasional. Terima Kasih.",https://yt3.ggpht.com/ytc/AIdro_n4EGzyv5NjdvtsKR9dmlAH0Eax3Xd8F_6pHcy8lKs=s48-c-k-c0x00ffffff-no-rj
9,donyariyus4783,0,Siapa yg di tahun 2022 masih lihat video ini? Berarti kita satu server üòÅ,https://yt3.ggpht.com/ytc/AIdro_lwuKEvP8UeNnB8VIfrLRsE3Rc8dV9zYNkSF_CdwDM=s48-c-k-c0x00ffffff-no-rj
10,natalike5999,0,Lulusan D3 bisa gak lanjut di S1 AMIKOM?,https://yt3.ggpht.com/ytc/AIdro_kha02_9Ul-0i7-bVviA0vGlId-liZzPVQMGzeLqnUygpGthuE1DCRL-f9hmm6Y1aUYKw=s48-c-k-c0x00ffffff-no-rj
11,bobob4111,1,Pendaftaran jalur kip ada kah? Kalo ada gmn caranya min?,https://yt3.ggpht.com/ytc/AIdro_mmkFbVre8Zhjrj8Mf_IPRhwHYbsPARN9pmkNbqIzmA76QuJDkSb74nrsHATmVeWtlysA=s48-c-k-c0x00ffffff-no-rj
12,nohoax271,0,aku angkatan 2008 SI-S1,https://yt3.ggpht.com/ytc/AIdro_m2FBRMkOxZHBoyceQlptCEuUWOjjcq9FrCL05JWtI=s48-c-k-c0x00ffffff-no-rj
13,shabiraaulia370,1,"ah...ah....oke semangat. moga sukses selalu teman teman seperjuangan. salam buat anak kesayangan rifan , salam cut cut",https://yt3.ggpht.com/ytc/AIdro_nlBilyjMA1U52oKK26XZ_UcnniCFBmVBEaZcWRZocnDN18ZKMnESUSGCHsm8S0Thv9RQ=s48-c-k-c0x00ffffff-no-rj
14,sahabat1047,1,Siapa tahun ini yang mau ke amikom ?,https://yt3.ggpht.com/Bd0IHB_Ve78edmtVru85_kAoEDVUYitIKKUoJUxpj8OXKZlIA1gcQ6UZF4V9anDjasQbuYshPw=s48-c-k-c0x00ffffff-no-rj
15,AryDianPratama,0,Buat  Kelas 12 Sekrang Bisa daftar kapan Min?,https://yt3.ggpht.com/ZZkMCzAgNRzbvM1x-HbmIZWU8OwnVkqejaspf47iVY26qqTH5JXooSH4blYXMEQ-Tl1NNptw-Q=s48-c-k-c0x00ffffff-no-rj
16,sofyansofia713,1,"Salam dari Angktan 2003, Banyak sekali kenangan di kampus ku yg tercinta ini, sukses trus Amikom dan seluruh Alumni, buat yg masih blajar disana...Semangat... :)",https://yt3.ggpht.com/ytc/AIdro_kzhqFM0HaKfZ37f3lQfrSH8agLBqQ9qPFoMXs4sYcXahY=s48-c-k-c0x00ffffff-no-rj
17,imanamirullah8692,0,Kampus tercinta üíú,https://yt3.ggpht.com/ytc/AIdro_lgbtjM-zVgPFG3kKK2vgbTSMj9-cijTxZLdKRoyP73bo8=s48-c-k-c0x00ffffff-no-rj
18,rachmatsulistyawan4535,3,ada yang lagi mau daftar di amikom gak ya . bareng yuuk wkwkwk,https://yt3.ggpht.com/ytc/AIdro_ltltiBBtgRAuSzrBtrrsePwVtrc8gwoaljnhSkWS8=s48-c-k-c0x00ffffff-no-rj
19,arifwaluyo5618,1,Likuli keilmuan yeey Unev. *@üáÆüá©üö©üåëüéìüå¶ü•®üá±üá∞,https://yt3.ggpht.com/ytc/AIdro_lijG5tOj6uzALdpQoVWxifnPbD0UtJEDUnZ1KvTWhN=s48-c-k-c0x00ffffff-no-rj
20,fadhillahulumudin6994,4,"Dari sekian banyak web universitas, memang AMIKOM YK yg paling user friendly. Tampilan kece, simple, dan elegan, tapi gak keliatan kaya amatir. üëç Semoga jadi mahasiswa yg berprestasi disana üòç",https://yt3.ggpht.com/ytc/AIdro_lKIFTq7LmS5Jgr_-66rfXWwbYSIcdVgY-LBY4ENGuLvA=s48-c-k-c0x00ffffff-no-rj
21,ArdhoAngga,3,Yang kuliah di amikom tahun ini?,https://yt3.ggpht.com/ytc/AIdro_kgVaxIHPpUNfFvANNvhAULj8_laZv9KaVEcUPkbfFiXg=s48-c-k-c0x00ffffff-no-rj
22,elanahlan1985,4,Kapan mulai kuliah tatap muka nya kak?,https://yt3.ggpht.com/ytc/AIdro_nztu8_VJsLZltpw9q5loGc-_osDUvz28mTXWQReWNvOA=s48-c-k-c0x00ffffff-no-rj
23,khaidarnaufal3849,1,mengapa saya harus kuliah di amikom?,https://yt3.ggpht.com/ytc/AIdro_mUvdj8SWmrS9eC8azHAtLz9W0f9Bmj9vrKGYRYF3CS-7Y=s48-c-k-c0x00ffffff-no-rj
24,indosawitofficial7343,3,"Setelah melalui proses panjang di PTN,akhirnya anak saya mantap masuk di AMIKOM semoga bisa dpt ilmu yg bermanfaat utk masa depan anak saya.amiinnnüëç maju trus Amikom",https://yt3.ggpht.com/gTH3c4lAZjSNRb1Aev7cRxMgm64M8Q2J3--qafHjJCZvv7EjIzINp5xVnTqSd_jeg4XgGZGOkg=s48-c-k-c0x00ffffff-no-rj
25,saifalinujendrasatria7612,2,Baru kali ini profil kampus penontonnya sampe jutaan,https://yt3.ggpht.com/ytc/AIdro_nziJAOPRedtgdR1w5lrmw4CL5_bgwCx7uPeLXkjcfV120=s48-c-k-c0x00ffffff-no-rj
26,indopurnamasari8963,4,Kampus entrepreneurs terbaik di Indonesia ‚ù§Ô∏è,https://yt3.ggpht.com/ytc/AIdro_nxCJLd5Lrl53Ed7D-OSI4rfxp-NVCgVsaWM306SFnAwe4=s48-c-k-c0x00ffffff-no-rj
27,nabilaayu3641,2,Ya ampuuunn ceweknya cantik2 yaaaa AMIKOM ü§©ü§©ü§©,https://yt3.ggpht.com/ytc/AIdro_nZK0WOIw1EZvIJLfhaSHeA5Rb0qxnGm313hJDFI-k=s48-c-k-c0x00ffffff-no-rj
28,ernicahyani4172,5,"Tidak keterima di PTN ternyata jalan takdir saya untuk kuliah di AMIKOM. Semua materi pembelajarannya sangat update, dan bonusnya dapet jodoh dari awal masuk sampai lulus masih awet hihii. .",https://yt3.ggpht.com/ytc/AIdro_lSi1zbdkIKfSYLhy6d5LG6Uoc26poD6y4GtmfGkYIc_ys=s48-c-k-c0x00ffffff-no-rj
29,sarfanologi5944,3,"Pingin kali offline :), moga bisa cepet2 offline ketemu kampus Amikom",https://yt3.ggpht.com/ZYWEeL6AbGF8cY-3MBHfJFTwniNd8cS0MFWrmsPucNhnB3t4BFMkvGjBoLWaxuK_ERxPNPuX4w=s48-c-k-c0x00ffffff-no-rj
30,gabrielchristianilhamsathe2170,0,Kecil kecil cabe rawit,https://yt3.ggpht.com/ytc/AIdro_lCohpHbqElhMN5QZ5RkXwCrPeJLdHkjjmOX-1CY5hpZao=s48-c-k-c0x00ffffff-no-rj
31,cahyozn8819,0,mantap isinya wibu semua,https://yt3.ggpht.com/ytc/AIdro_m-JZN5jbhD7Se6RHwuJG3kKHPb38Lzu33BT3sJBb_kaSqZ=s48-c-k-c0x00ffffff-no-rj
32,ISNANTV,7,"Kampus nya keren  dan memiliki komitmen memajukan pendidikan di indonesia  berbasis enterpreneurship, bismillah spp gratis.",https://yt3.ggpht.com/KkZl-ZSy1gVDLynG4X9vF-kguEJq_PT2RN5ntSbQHGLT0d6GxIHgf7Qgo86SJ3vykG--sGCP=s48-c-k-c0x00ffffff-no-rj
33,risvelt6944,2,Tempat berkumpulnya para wibu üëç,https://yt3.ggpht.com/ytc/AIdro_kT_e_r49Ms9bXM9gTPMKoBDdpTXmAou5Z-IfBC5f9feQ=s48-c-k-c0x00ffffff-no-rj
34,pamiy_amandaalifia9227,6,"Di kampus ini, dmn saya bljr bukan hanya tentang jurusan yg saya ambil, tp byk di ajarin jg ruang lingkup yg lain. Jadi, pas lulus prospek kerjanya ya ga cuma gtu2 doang. Terutama bisnis",https://yt3.ggpht.com/ytc/AIdro_nCvqssICSqBxYNp570vDytZiY8LKUfYw3uJQwpTBfUSxk=s48-c-k-c0x00ffffff-no-rj
35,ruangdialog8577,0,Cintaakkkk ama cerita iklannnyaaaaa,https://yt3.ggpht.com/ytc/AIdro_kluLUiZD3ayJE0L0mo0UCYxOrpRC7IEXyIB6IvaGXlIgBc=s48-c-k-c0x00ffffff-no-rj
36,clarisaofficial5922,1,Saya bangga menjadi salah satu mahasiswa di Universitas Amikom Yogyakarta üòä Terus maju dan sukses selalu üí™üí™,https://yt3.ggpht.com/ytc/AIdro_kLytURCUJvMvgx84f-gvl1b8EefkO1M8mbsGQCJPGLwA=s48-c-k-c0x00ffffff-no-rj
37,wildasigitirfanudin6932,0,Kampus idaman,https://yt3.ggpht.com/ytc/AIdro_lucbm2MhakE7qw8D7zaB38AqrMkT89xJAmM-pjxaYBQA=s48-c-k-c0x00ffffff-no-rj
38,ideku4622,6,Saya kuliah disini dan sudah saya buktikan semua pebelajaran di amikom sangat2 update sudah kerjasama sm siliconveli setara disney/netflix serta lulusnya langsung di carikan kerja amikom the best pokoknya,https://yt3.ggpht.com/ytc/AIdro_kJlpb8un73FfDjRgGXY8GFlA0_RsL1Ql_ee7EmP68EXA=s48-c-k-c0x00ffffff-no-rj
39,ramagumilang9688,0,Arsitekurrr anak anakny keren bgt unchh gemeshhhhhhhhhh,https://yt3.ggpht.com/ytc/AIdro_lCVb0iJZI8dMTUiaWWKj3XO5FdBJHUZjARJyC2JMxl4-I=s48-c-k-c0x00ffffff-no-rj
40,muhammadnuraminudin4407,7,"Kampus yang buat saya merasa bersyukur ga keterima di PTN. Berkat Amikom, bisa dapet kerja sebelum lulus, bisa dapet modal lanjut S2, bisa ketemu istri, bisa menjadi pendidik sekaligus programmer, terimakasih Amikom Yogyakarta üëç Jaya selalu . . .",https://yt3.ggpht.com/ytc/AIdro_lnJU5r5EMT3c7YoK8tkn5bqph4N129NwY4bcZvMDPV3Zs=s48-c-k-c0x00ffffff-no-rj
41,dennisariyanto3339,0,Sukses selalu,https://yt3.ggpht.com/ytc/AIdro_kipExwwdUgrXeEhf2EO5RaRIJJQbTqfOjDiurmqyM_wg=s48-c-k-c0x00ffffff-no-rj
42,morecustom559,0,"Ga nyangka banyak sekali perubahan yang massive, gbu nonstopp",https://yt3.ggpht.com/ytc/AIdro_l6yuwx2oeg2zV13EusE9_OztAaIpAMVbB40ztqzno=s48-c-k-c0x00ffffff-no-rj
43,bryangheffa,0,yg pasti jgn lupa follow ig : @recsynv,https://yt3.ggpht.com/QkZafHmEhiUjFqmFTSYZiabHqCAgjGkucbDNg-9prCX2cmWDGjlJFrZrLckaxkGnVZXFMs0CRQ=s48-c-k-c0x00ffffff-no-rj
44,ikaastiastuti8111,16,"Amikom, tempat ditemukannya jodoh berprestasi. Meskipun jadi orang IT, kalo mau punya anak, anaknya ngga di print kok.",https://yt3.ggpht.com/ytc/AIdro_ngeeI1nxalY7VUEqgE5Y4YXt6ZYjeLY6QxuQRJ3XdVZRM=s48-c-k-c0x00ffffff-no-rj
45,shidqijanuardi1289,1,Sistem informasi hadir,https://yt3.ggpht.com/ytc/AIdro_lBNMq4b5DK7GOeySRi7gHh0YYaa4RLZEWHfU3EGh8=s48-c-k-c0x00ffffff-no-rj
46,grahitoperdana7291,0,Arsitektur hadir,https://yt3.ggpht.com/ytc/AIdro_ng9upqHnp1eTrS9LjQxduGXVwxdiAl-oMafZKBtqPm2sA=s48-c-k-c0x00ffffff-no-rj
47,muhfardan5553,0,Amikom Yeay horee,https://yt3.ggpht.com/ytc/AIdro_ltNklzXrZ3lfkXBfuG2glr2UxGYaIMkUQ5Ni9NJMQ=s48-c-k-c0x00ffffff-no-rj
48,giansefentyasnovianto7982,0,Kampus dengan segala teknologi pedukungnya,https://yt3.ggpht.com/ytc/AIdro_mqx_Td_w7YQJTrgOG-gtkbxUWpkFR-acvKKkfizvlQsGw=s48-c-k-c0x00ffffff-no-rj
49,llowlight5644,0,bangga ngampus di kampus ungu,https://yt3.ggpht.com/ytc/AIdro_mlugQFhh18xyMO428ldysv6toWxUuqdpusnxHeAsk=s48-c-k-c0x00ffffff-no-rj
50,anggidwikurniawati612,1,"Terimakasih kampus ungu, sudah memberikan ilmu tentang bagaimana cara memulai bisnis dan bagaimana cara menjalankan bisnis dengan baik.....dulu cuma sering denger tentang kampus ungu tapi sekarang allhamdulillah bisa kuliah di kampus ungu tercinta...üòçü§ó",https://yt3.ggpht.com/ytc/AIdro_mVISLTOborzrRh8rboZpBBXgZ1BFMSudcABH6eZkgWFg=s48-c-k-c0x00ffffff-no-rj
51,TheJebe08,0,I ‚ù§ Universitas Amikom ‚öò,https://yt3.ggpht.com/ytc/AIdro_kQbvOdHiiF0N0BLYNMMfxBthTLC4750pAtv6JakM0jaw8=s48-c-k-c0x00ffffff-no-rj
52,CupsTube,1,amikom kampusku,https://yt3.ggpht.com/ytc/AIdro_n_Svz-y2GwBQf8rdlrqGn28PCSXhLTXv4i5fbxkaVNNQ=s48-c-k-c0x00ffffff-no-rj
53,faqihkurniawan420,0,Berawal dari STMIK sekarang sudah Universitas. Sangat bangga kuliah di Universitas Amikom Yogyakarta üéì,https://yt3.ggpht.com/ytc/AIdro_m_V5xpvAcrZeUhV-L6dabBtanDJLtHYuDdypZeR4RC600=s48-c-k-c0x00ffffff-no-rj
54,bbinaryy_8284,0,Kampus Favorit ü•∞,https://yt3.ggpht.com/ytc/AIdro_mht6tPqnir0Gt5r8NfNGJIg54SltT1jtIp6BX_CCYvTio=s48-c-k-c0x00ffffff-no-rj
55,rahmathidayatalikbal4059,1,Kampus yang sudah menerapkan telnologi yang terintegrasi üëçüéâ,https://yt3.ggpht.com/ytc/AIdro_kI3fKOjznkM9ON7Jtr_Zi6VjmF1bG5SA3Y3TJA3ACfsw=s48-c-k-c0x00ffffff-no-rj
56,faisaldarma,0,kalo kangen kampus auto tonton ginian wkaokwak,https://yt3.ggpht.com/ytc/AIdro_mqZHgow4GIajc3m_34R_bOLfdpTGJHsqASr6Mn5J3src4=s48-c-k-c0x00ffffff-no-rj
57,miftahulrizky2127,0,Teknologi informasi hadir...@rizkey_voga,https://yt3.ggpht.com/ytc/AIdro_nyemt3Q36XQfmnkvvGFWXlppa8I6EEUjX0-mmhDo6OCn4=s48-c-k-c0x00ffffff-no-rj
58,sabdadwi114,0,Baru jadi alumni udah kangen aja,https://yt3.ggpht.com/ytc/AIdro_liV1JG_wWGyEJafzDpS0zNIAwAByNFNLMlki2_Bg99d1I=s48-c-k-c0x00ffffff-no-rj
59,ramadhankist2738,0,Mantap si ini,https://yt3.ggpht.com/ytc/AIdro_kzt9BBkVsoLgZFqUKxWLKuh9A9sucafa2uX0kBPg8lyNI=s48-c-k-c0x00ffffff-no-rj
60,nuyreh6813,0,"Kampus lokal, rasa internasionalüî•üî•",https://yt3.ggpht.com/ytc/AIdro_k46KAGWtZK6yRwTbKL1x8xKEh8Lfs00M0W16dcvjvFGkc=s48-c-k-c0x00ffffff-no-rj
61,rahmap_,1,Rekomendasi untuk yang suka dunia komputer,https://yt3.ggpht.com/ytc/AIdro_nw58UnjakzNr-muqv42Gk6qgjBH0MR_zKaU7HXodT7JLo=s48-c-k-c0x00ffffff-no-rj
62,fajarfahdillahsiregar905,0,Sistem Informasi hadir...,https://yt3.ggpht.com/ytc/AIdro_nsv3BH9cKt0ao_z5AgLKBIexbI5vsSPHsj-cbaID-zOgE=s48-c-k-c0x00ffffff-no-rj
63,ronalchomsaputra5468,0,Sukses terus amikom,https://yt3.ggpht.com/ytc/AIdro_k6jY4dB3W0SWuRnLHBOCLgHipUtQlXKLjEz1c4jcj6JEI=s48-c-k-c0x00ffffff-no-rj
64,annafittri4020,1,"Kampus ungu kuu üíúüíúüíúDulu cuma sering lewat depannya, sekarang Alhamdulillah bisa kuliah disana, sukses terus AMIKOM üíúüíúBtw makasihh beasiswanya üòáüòá",https://yt3.ggpht.com/ytc/AIdro_nUN9pr-lv_SrYNEPbIjDB6d9x3Ak3b4b4pkAz7Pa4PWw=s48-c-k-c0x00ffffff-no-rj
65,yahyafafa851,0,kampus ungu nii,https://yt3.ggpht.com/ytc/AIdro_lnlQpdNeMjQKYhWQ6EerbDPB6CGffqICFZzrUHZAGIKpg=s48-c-k-c0x00ffffff-no-rj
66,iniojannlagi,0,Aku cinta amikom,https://yt3.ggpht.com/6chojJXkx_lzR0LNwF4QWBX1mpNN0Y_DQ-qQ0ZLRF2a6BRtmIfal5VME_a_q3j2hWShpKRfW=s48-c-k-c0x00ffffff-no-rj
67,titanbagusbr.9830,1,"Di sini ada startup incubatornya. Jadi, bagi mahasiswa yang punya ide bisnis bisa diinkubasi di situ",https://yt3.ggpht.com/ytc/AIdro_m1-UtDgx502NOrGQTOmgfr-7Rm20-WIrc8WtaeMcLAayE=s48-c-k-c0x00ffffff-no-rj
68,Adytaufik,0,AMIKOM YK kampus tercintaa. Kangen ngampus jdinyaüòç,https://yt3.ggpht.com/ytc/AIdro_mIauPH689KuPvaZfb39XkQ2QQ_uXQ3GgGMfldFvbrZvZw=s48-c-k-c0x00ffffff-no-rj
69,AndrianSyah-vx4ti,1,"Saya percaya dengan pendidikan di Amikom Yogyakarta sejak S1, saat ini saya sedang melanjutkan S2 program PJJ MTI. Dan sangat luar biasa pengalaman ini. Sukses terus AMIKOM Yogyakarta",https://yt3.ggpht.com/ytc/AIdro_k8vl2ijpLxtbOgkQUHXHtrrbniOxq2okKOcllLsdE=s48-c-k-c0x00ffffff-no-rj
70,ulilwaskitho,0,Kampus kebanggaan üíú,https://yt3.ggpht.com/eV3DMj_LtVuIpgXA2egwjt28ucJTg6UlUkv8YM9K0_8TwkBsRM02DJbCAjHwg4jSyvMsvOmujf0=s48-c-k-c0x00ffffff-no-rj
71,fachrizalkurniawan8882,2,Kampus yang memberikan aura positif bagi mahasiswa hingga dosen &lt;3,https://yt3.ggpht.com/ytc/AIdro_mqE2xVONBJ3W9EtnS9wu6j6BrSkCoQYmhieLwuGlo=s48-c-k-c0x00ffffff-no-rj
72,dendy5,0,Semangat gapai mimpi‚ù§Ô∏è‚ù§Ô∏è‚ù§Ô∏è,https://yt3.ggpht.com/ytc/AIdro_k1bqCPfKXOuiVfYXpRJqKBdFlfyFrngktkEuXgDzqVMnw=s48-c-k-c0x00ffffff-no-rj
73,Useruser-hp6en,1,"Kampus yang tidak ada ospeknya, dari awal sampai masuk sampai lulus yang di kembangakan dari soft skill dan hard skill mahasiswa üòò",https://yt3.ggpht.com/ytc/AIdro_m7kFZkzHv5E3_iz_Fk2WAoNvh7e6TRG3xlFb32KaM=s48-c-k-c0x00ffffff-no-rj
74,bossbani6685,2,"udah gak peduli ama kampus lain. pokok nya dulu  lulus smk 2018 langsung amikom tujuan nya. dengan bimbingan dosen dan kurikulum yang &quot;ekonomi kreatif&quot; banget, menambah wawasan keyakinan untuk bisa jadi boss entrepreneur... bangga bisa jadi bagian dari keluarga besar amikom dan bangga menjadi anak teknik komputer. Prof.Yanto panutan ku pokok e",https://yt3.ggpht.com/ytc/AIdro_lLmHpMz7k3Llw2YVAoeeykiBcocpCf_KiPRN2wcVA=s48-c-k-c0x00ffffff-no-rj
75,aldymi7935,1,"Terus maju amikom, semangat yg luar biasa motivasi",https://yt3.ggpht.com/ytc/AIdro_nnty5gHK9eGnWJ68BmGOxk9D1VdAcq9TiwyKY9muvfWyM=s48-c-k-c0x00ffffff-no-rj
76,juliantressse5511,2,Amikom economy park,https://yt3.ggpht.com/ytc/AIdro_koNx_XuQEcLsiQ87nO3QWALtKisfYOKcBohWnkyLI=s48-c-k-c0x00ffffff-no-rj
77,nadilahmid4695,1,"Keren , sukses amikom‚ú®",https://yt3.ggpht.com/ytc/AIdro_mDxhVARyEY6KsOgzJwiB4GAb615-wYmPLlsk8b9p4=s48-c-k-c0x00ffffff-no-rj
78,fivar9330,2,Sukses selalu ~,https://yt3.ggpht.com/ytc/AIdro_mWigJBV3YZ--h6RLHN3B1HXzQh4ZWkbnqDccP_lICL_7iZ=s48-c-k-c0x00ffffff-no-rj
79,asnaya6453,2,Mantep dah bisa mengolah ide dan peluang buat jadi pengusaha,https://yt3.ggpht.com/ytc/AIdro_kTbBjmz6XA-V074dtjlzB_nOqIte4Vhm8zvptGy4U7Og=s48-c-k-c0x00ffffff-no-rj
80,millennialmenyedihkan467,1,Paling Kompetitif dalam masalah teknologi !,https://yt3.ggpht.com/ytc/AIdro_l09ztqVrZI4O5YX0SunL0BIPWML5w8yRKkShkiCzHzXUs=s48-c-k-c0x00ffffff-no-rj
81,HENDRI.05,2,TEKNIK KOMPUTER HADIR ü§òüèª,https://yt3.ggpht.com/gcob1kEUJpCg_lU9jAwT5NMOsa1PqQQ4V3lgtoW--DwK1opFnWqaatOQz9Xk7loHuWuZZBGX=s48-c-k-c0x00ffffff-no-rj
82,netcihesvindrati5662,2,Kuliah disini pelajarannya update dan selalu mengikuti perkembangan teknologi digital,https://yt3.ggpht.com/ytc/AIdro_mKrp7bj7b0X-ydvUqFQ14R8NtxJxl06T8DLUQX064-sJWX=s48-c-k-c0x00ffffff-no-rj
83,sudarmawanamikom3658,4,"Kampus dimana budaya menumbuhkan harapan, budaya belajar, budaya saling perhatian dengan sesama dan lingkungan, budaya bersyukur ditumbuhkan",https://yt3.ggpht.com/ytc/AIdro_kj6g7ezhr86WFXphm2Llb6XTh1mUvFdpv0pWyvplBJLNU=s48-c-k-c0x00ffffff-no-rj
84,jokodwisantoso,5,2002 Masuk Ke Amikom dr D3 - S2 di AMIKOM...and Now Jadi Pengajar Di AMIKOM...So What You Waiting For...Datang Dan Joint...Dari Desa di Tempa Dan Didik Hingga Bisa Seperti ini Sekarang...Saya Buktinya...Ayuk Kita Berkolaborasi dan Berkontribusi Untuk Negara Ini Melalui Kampus Ini...Sukses Selalu AMIKOM Ku üôè,https://yt3.ggpht.com/DUfc0fe_hHgoKXeQTCbf-2wOKGwN51cIKre96r7TGguHm7dB5u70nS2j4HjR6tozckKzGG8bdg=s48-c-k-c0x00ffffff-no-rj
85,yasifakbar4487,1,"Ketua Bemnya Hanif Hidayatullah, siswa SMK AL-HUDA BUMIAYU",https://yt3.ggpht.com/ytc/AIdro_mncBXbO5RAHQ8y2Xn6DM1oq6rzZn-Su7DiZGgpt3OfwhQ=s48-c-k-c0x00ffffff-no-rj
86,elgarage_sinyal,2,Perjuangan yang Luar biasa JALA 2009,https://yt3.ggpht.com/ytc/AIdro_kvnq3i86G4ktiNEV1vdbeBjWXOURVifz7aBRoGJqX1=s48-c-k-c0x00ffffff-no-rj
87,Wahbroow,3,Saya Alumni Amikom YK hadir...Salam dari Bali nggihhüòçüëçüëçüôèKangen pengen kejogja lg,https://yt3.ggpht.com/TkJfIZPFcbeUNJXNliRHVmlltevtjpPyFdKmX3t9gtyYOjwqYm0AT9n-OPPy8pDuzx2RqYFnkg=s48-c-k-c0x00ffffff-no-rj
88,aridhotatan601,1,aku pernah kunjungan industri ke situ,https://yt3.ggpht.com/ytc/AIdro_ljj4v4Yc2E9PcXvAg2oD48UETa8Ee1LW_L55avoQvpy3U=s48-c-k-c0x00ffffff-no-rj
89,Febri094,2,Be your self and never surender :v,https://yt3.ggpht.com/ytc/AIdro_nC2VXUDtZetqQ8py_R2-NvCVGLuusjs0gSWbc_lQrxr9c=s48-c-k-c0x00ffffff-no-rj
90,gameplayrace,3,"Jargon kuliahnya orang berdasi udah gak ada,,, terus kyknya dh gk wajib berdasi lagi ya...",https://yt3.ggpht.com/zPUcqBUnTIoKGCYKzdAUbBX9OSkQ_TG3kcp45t6E7p8A-_a9Fn0tzfBRol8oWQ6oKhz4sVx9GQ=s48-c-k-c0x00ffffff-no-rj
91,tech.titans.official,1,Bangga jadi mahasiswa AMIKOM,https://yt3.ggpht.com/psH-Bovk-SPWy21Nk6IG_FWcKkWEwxZy2DU9b92vQL6P9dvw8dQUibZ-3NJhkHESorE5ipzcUw=s48-c-k-c0x00ffffff-no-rj
92,Okfriyantinus,5,"Msk 2012 lulus 2018,Sekarang bekerja di rumah sakit pemerintah",https://yt3.ggpht.com/ytc/AIdro_mm_PFiqYfho-fkedpIK_ZBKhU9D3yAkhHR9BAg3eMJn2Y=s48-c-k-c0x00ffffff-no-rj
93,mujibalbaits5669,1,Ternyata bener joss pokok e amikom,https://yt3.ggpht.com/ytc/AIdro_n-dfrq4pKoVpb347rt7g1jQFddNBEMeJ4r26PJBv8=s48-c-k-c0x00ffffff-no-rj
94,fadhilrahmat3017,1,saya cinta amikom,https://yt3.ggpht.com/ytc/AIdro_nf6UxqZ9FSeeYEgETJn8lp1NN-Cbp1AXPTL2mQBCDOEtA=s48-c-k-c0x00ffffff-no-rj
95,_IrwanSetyonugroho,2,Semoga menjadi  yang terbaik setiap tahunnya......,https://yt3.ggpht.com/ytc/AIdro_nfjWM5yWMAztV-7iLx8_uKYybck3UZyd7brTchhOy3hro=s48-c-k-c0x00ffffff-no-rj
96,zakynd,3,Semua orang bahkan tidak menyadarinyabahwa kuliah di amikom sangat asik üëçüëç,https://yt3.ggpht.com/ytc/AIdro_lGP6YKIYt_UQ_VDedBZwk0wyPiK8BWy7mQGSb7pARGQTQd=s48-c-k-c0x00ffffff-no-rj
97,vnkdyst8887,1,Amikom terkeren!!!,https://yt3.ggpht.com/ytc/AIdro_ls_O3euBjKEc-TYEBMuA1scNg_Dt3lSnvINLCVPiO-elE=s48-c-k-c0x00ffffff-no-rj
98,papuatimika4957,1,Universitas Amikom Yogyakarta Sukses selalu..Amiin,https://yt3.ggpht.com/ytc/AIdro_nI6wu-DS7fhHkbRc6kG_0qw0ZYQjgfoGVAX6mI5s8=s48-c-k-c0x00ffffff-no-rj
99,ukhid,1,Sukses terus AMIKOM,https://yt3.ggpht.com/ytc/AIdro_kKerh9ZfFp6loGj58G-rcNYUq9qrzh4vMdCCQvzb1WHw=s48-c-k-c0x00ffffff-no-rj
100,jefrykurniawan5247,2,"udahh lah, rata semua teknologi sama amikom iniüòònyesel kalean ngga daftar amikomü§≠",https://yt3.ggpht.com/ytc/AIdro_mC-OCukFlWNaV6XQuAnbkqyKFxQSSRJb6PtE3wWfu9XlXg=s48-c-k-c0x00ffffff-no-rj
101,ajiwahyu_in,2,"widih, keren banget kampusnya",https://yt3.ggpht.com/ycK5TOGICnRPJLJxFcOgO1qKGAUJ4Yn5biR0c9Sa64KtuUBl8LZ_AY5vGtZvOJF5o-eI8kZjHw=s48-c-k-c0x00ffffff-no-rj
102,suryobaskoroaji6830,1,SUKSES SELALU AMIKOM,https://yt3.ggpht.com/ytc/AIdro_mkjhwKO4D_JO2up-wf6NwIkJ7O0YlvcPEEN4By8BpZCg=s48-c-k-c0x00ffffff-no-rj
103,mediabelajar1836,1,Allhamdullilah ketrima SI SISTEM INFORMASI,https://yt3.ggpht.com/ytc/AIdro_lKn3aIpPBkkYKFBDewE5RvP0Xu9xpD8w1BvzzIPz77wQ=s48-c-k-c0x00ffffff-no-rj
104,yudhadwiyulianto520,1,Kampus ungu terbaik,https://yt3.ggpht.com/ytc/AIdro_lPpzHr4wekP8TzGN4A-_Bd5C3RwNKy2NwWevc0jOs=s48-c-k-c0x00ffffff-no-rj
105,indahputriwardani3122,8,"Saya bangga kuliah di Amikom,Sukses selalu dan maju terus !",https://yt3.ggpht.com/ytc/AIdro_k9dZQg9sUFaUTG3hwhVzwsvmQAJrOnUwaephv9WAM=s48-c-k-c0x00ffffff-no-rj
106,rezawahyudi5138,0,Kampus modern..,https://yt3.ggpht.com/ytc/AIdro_kMFdBoVzBARIMvATjA-73X36H-Zo58jUZHqd4xybEcJuk=s48-c-k-c0x00ffffff-no-rj
107,isnawanmuftis4006,0,Saya bangga menjadi mahasiswa amikom,https://yt3.ggpht.com/ytc/AIdro_nJH9yY38FOvPxmQQSs418Xt29buhjpPfJ1bSZWRKrPJWs=s48-c-k-c0x00ffffff-no-rj
108,musthafahanif9875,0,Sukses terus buat universitas amikom yogyakarta tercinta semoga semakin maju dan terus jaya,https://yt3.ggpht.com/ytc/AIdro_mw1qwJ5en_0g4MwwguLefTmyb5fZkeDrS8OsQiAP4=s48-c-k-c0x00ffffff-no-rj
109,_MDanilAlfikrah,1,"Saya bangga kuliah di amikom, Sukses selalu kampus tercinta",https://yt3.ggpht.com/ytc/AIdro_lZj7OGLcR4CMWgadOgieSyCTBZ82vmeLGLS-c5EsJyPQ=s48-c-k-c0x00ffffff-no-rj
110,_NaufalAfifHidayat,0,"Creative Economy Park, kampus masa kini.Semoga terus berkembang.. Sukses salalu",https://yt3.ggpht.com/ytc/AIdro_nLtnUxOTqFq5gZwSAfyBhhDp8GBgphORvqOMY0XJg=s48-c-k-c0x00ffffff-no-rj
111,_Firmanarifwicaksono,0,Sukses terus amikom,https://yt3.ggpht.com/ytc/AIdro_lLwfHw7QOjljy-hAhBpl03U5w8DC4AhP_Nhg-e5RJf9A=s48-c-k-c0x00ffffff-no-rj
112,Sabillx,0,"Mantap nih amikom, sukses selalu",https://yt3.ggpht.com/ytc/AIdro_kgW5tDy_6HgdSF1poot4dqF8lh5jiLIux-gNeZIvv6GZ0=s48-c-k-c0x00ffffff-no-rj
113,dewiarshietalaksmi55,1,"Amikom keren, bangga kuliah disini fasilitas dan pendidikannya top bgt!!!!!!!!",https://yt3.ggpht.com/ytc/AIdro_lQWyLgxZ_1EAnVislHkwteMgqS8J6ejbguzTL3gcobvkQ=s48-c-k-c0x00ffffff-no-rj
114,ellynawidyaningrum2787,0,"Semoga semakin maju, dan kreatif.",https://yt3.ggpht.com/ytc/AIdro_nEmRqqytRELHPCwGaoWK_HcbMlyQYtj4qw42eCKhZYTHUq=s48-c-k-c0x00ffffff-no-rj
115,_DhomasKenconoPrasetyo-ey6qd,0,BE YOURSELF AND NEVER SURRENDER SUCCESS FOR YOU AND FAMILY YOU ARE THE BEST INSPIRATION FOR EVERYONE STAY HEALTHY AND SAFE YOU AND,https://yt3.ggpht.com/ytc/AIdro_nk0jgxE2q8yz1nfNoAtyEyClRXPbLbOqDeUSWkOC4=s48-c-k-c0x00ffffff-no-rj
116,_SivaCahyaNugraha,0,Be your self and never surender,https://yt3.ggpht.com/ytc/AIdro_n_FaaWK9OhWeviofaw74f2snFbIWubePeumnSTJ-E=s48-c-k-c0x00ffffff-no-rj
117,habibdwiprajoto2459,0,Mantul sangad,https://yt3.ggpht.com/ytc/AIdro_lbn1Va_nVqwTqR9Ot0oNkuCIQ40dQ3gdfWMnegijALCBng=s48-c-k-c0x00ffffff-no-rj
118,ellynawidyaningrum2787,0,"Semoga semakin maju, dan kreatif.",https://yt3.ggpht.com/ytc/AIdro_nEmRqqytRELHPCwGaoWK_HcbMlyQYtj4qw42eCKhZYTHUq=s48-c-k-c0x00ffffff-no-rj
119,_MuhammadFarhanHSangadji,0,"kampus terbaik, bangga!",https://yt3.ggpht.com/ytc/AIdro_kN8ll5wBc8UdUTkGxjJUrucCiQGGaBcJ24kDDy5fbVZdM=s48-c-k-c0x00ffffff-no-rj
120,muhammadroyyansaputra3482,0,keren lah universitas amikom .mengedepan tentang entrepeaneur  apalagi jurusan ilmu komputer sangat menantang dan ada final projrct yang sangat membuat mahasiswa lebih kreaif,https://yt3.ggpht.com/ytc/AIdro_mpIv90J8fJGGfUe-fD6l0fChdCqtiBx3bMczBy-jQ=s48-c-k-c0x00ffffff-no-rj
121,Muhfajrianiskandar,0,Universitas palin up to date di bidang teknologi,https://yt3.ggpht.com/ytc/AIdro_m8TKChlKCHvJip6Gr7D9BqJhZ3pnSNtg1AUUzMfVg=s48-c-k-c0x00ffffff-no-rj
122,aliefdewanairiawan2049,1,Salah satu universitas terbaik di Yogyakarta,https://yt3.ggpht.com/ytc/AIdro_mB-h8gNt6fJO3YzIi2d3QZ8RZyj7L4fATcdkRGNbk=s48-c-k-c0x00ffffff-no-rj
123,ridhomahendra9609,1,"BE YOURSELF AND NEVER SURRENDERSUCCESS FOR YOU AND FAMILYYOU ARE THE BESTINSPIRATION FOR EVERYONESTAY HEALTHY AND SAFE YOU AND FAMILYSTAY HOME AND GOODLUCK",https://yt3.ggpht.com/ytc/AIdro_mrWvNOie43isJWpGMO6T2_zkFHAL90A5469wuF43ZO9w=s48-c-k-c0x00ffffff-no-rj
124,renoarifigar,1,Mantap AMIKOM !,https://yt3.ggpht.com/ytc/AIdro_mw4Vevp6zLrfONfK-Y0HnVjacnMRxKI7m7ZVuhqh0w9jGl=s48-c-k-c0x00ffffff-no-rj
125,renoalanepradino2304,2,Terus Melangkah Menggapai Masa Depan,https://yt3.ggpht.com/ytc/AIdro_nG4zL-lvrexxd0XsRDjL8yTQSGjViDfI9qDI-DKpA=s48-c-k-c0x00ffffff-no-rj
126,g_mochakbarmaulana4295,1,Mood Booster.,https://yt3.ggpht.com/ytc/AIdro_naHHs-vFrAC_pNSPhLvKqLr0nGyLVIhaZxMHgEsrAU958=s48-c-k-c0x00ffffff-no-rj
127,Chan-xz1jr,2,Creative economy park!,https://yt3.ggpht.com/ytc/AIdro_k4iInJDgUrpWegjcIKUfRFeT1_beDx7xmfdt_ZYsg=s48-c-k-c0x00ffffff-no-rj
128,rarakinasih4386,1,Maju terus amikom yogyakarta,https://yt3.ggpht.com/ytc/AIdro_kV90VqiS1KPnvZYOARlHX6TMwWsxctwf6SAp4IIJ8nAic=s48-c-k-c0x00ffffff-no-rj
129,wahyupurnomojati3500,2,Semangat! Dan terus maju!,https://yt3.ggpht.com/ytc/AIdro_mQGxF6NfV65yGR8QXAzyHmiOXCNw4e9T2tWjzsnCU3SYk=s48-c-k-c0x00ffffff-no-rj
130,muhasror4413,1,"Mantab, Kampus Masa kini",https://yt3.ggpht.com/ytc/AIdro_leKjQIP4gFQmRhzJJWzaut8ZhLqtHScaojEeU-uCQGzA=s48-c-k-c0x00ffffff-no-rj
131,muhammadrezafernanda9779,1,Amikom be debest.. parahh men...,https://yt3.ggpht.com/ytc/AIdro_mIY0YWhztbrZKVy8UIxN8Zeb8IqcvSS6J3retL5iI=s48-c-k-c0x00ffffff-no-rj
132,GalihLana,2,Saya bangga kuliah di Amikom. sukses selalu!!!,https://yt3.ggpht.com/VzOkkWgHzXxNYdUfn4TAKPk_pDn_6fmbJDj8VOHoy_XgUeCKStfB7pQHAi7p0a2eQyH-8FKn-aY=s48-c-k-c0x00ffffff-no-rj
133,hafidd8818,1,maju terus kampus berdasi,https://yt3.ggpht.com/ytc/AIdro_m78pK_5-Oznzhdd0DWHQj77YybDurkQdiPPM3dgZeghpo=s48-c-k-c0x00ffffff-no-rj
134,MohAldiFachryAlamsyah,1,"BE YOURSELF AND NEVER SURRENDERSUCCESS FOR YOU AND FAMILYYOU ARE THE BESTINSPIRATION FOR EVERYONESTAY HEALTHY AND SAFE YOU AND FAMILYSTAY HOME AND GOODLUCK",https://yt3.ggpht.com/ytc/AIdro_kwsDx_wGZ4wQNZ0DpBLhLE1Yv2FOfCgFFALBSqNNSUDw=s48-c-k-c0x00ffffff-no-rj
135,ekasusi6029,4,"Alhamdulillah Amikom sekarang keren bgt,lw aku dulu kuliah th 1997 masih biasa aja,sukses terus bt Amikom",https://yt3.ggpht.com/ytc/AIdro_k93G-iG3IUHvZrKIpf4iuHMRHKx9mGOAbii68jhR4=s48-c-k-c0x00ffffff-no-rj
136,lenifitri8905,0,QUICK DGAAEQs,https://yt3.ggpht.com/ytc/AIdro_nxXvzeV0vVYUGkIVwzOyeTEvLWDx0ht3Uahr0mGo8=s48-c-k-c0x00ffffff-no-rj
137,riorenleo1781,2,"Universitas Modern, Kampus masa kini. Semoga semakin Berkembang!",https://yt3.ggpht.com/ytc/AIdro_kng_o0GeTI4yP8PFQ6-Z85AYvqmewKSlhdIcPybjZGmjI=s48-c-k-c0x00ffffff-no-rj
138,wahyuhendrasulistiawan8775,1,"Mantap, masuk isi aja wkw",https://yt3.ggpht.com/ytc/AIdro_lZzbpXK9Nrrj7ceNwciEUiUnVXSr7jKz1k-f2eTEzzC7hu=s48-c-k-c0x00ffffff-no-rj
139,nandanw2409,2,Kesini gr2 iklan muncul trosss,https://yt3.ggpht.com/ytc/AIdro_nAAmzHgieV47PGQ36ksBxsX3v8XUeA3bLgyr8f8VO0r2U=s48-c-k-c0x00ffffff-no-rj
140,atmajiamikom1462,2,Mantab amikom maju terus,https://yt3.ggpht.com/ytc/AIdro_lPawA4VizF2NASMxYZOBno_AfvvnIcF74kfkewFNC_mw=s48-c-k-c0x00ffffff-no-rj
141,istiningsihsurwiyanta4507,2,AMIKOM KUUUüòòüòòüòòüëçüëçüëç,https://yt3.ggpht.com/ytc/AIdro_lL1OkqRwQU-kj3RH_3feqGkcd5zVyYDD7IIWNVidQ=s48-c-k-c0x00ffffff-no-rj
142,sh1nnyb0y,3,"&quot;BE YOUR SELF AND NEVER SURENDER&quot;&quot;JUST ONLY ONE YOUTUBERS&quot;&quot;SUCCES FOR AMIKOM &quot;&quot;GOOD JOB AND GOOD LUCK&quot;",https://yt3.ggpht.com/KZGGaDgPMD24JNVdZPEiP3rPfc0vjx6fYdzlA3B0d2wdxx9Mj0z1Stb_NnveGhCP2T2adSVdLw=s48-c-k-c0x00ffffff-no-rj
143,ellarockfikha8441,6,"Kalo gak salah Awal tahun 2013 berkesempatan kunjungan ke universitas AMIKOM (study tour)  . . Paling Amazed sama lab tempat buat animasinya keren banget sih itu, dan waktu itu masih proses setengah jalan animasi yg namanya Musa itu seketika langsung jatuh hati sama universitas ini karena kebetulan SMK ambil jurusan multimedia yg berhubungan dengan animasi jugaMaju terus buat universitas AMIKOM",https://yt3.ggpht.com/BWJ8WVYBMpFU_fnv1H-oAftvtCBDSDHPX4QgmwXAmzvAAx6tmEuzoppReoAOuEIQ4qCcbCDCOwY=s48-c-k-c0x00ffffff-no-rj
144,RuslanAbdul,3,"Alumni 2017 ni, dulu masuk AMIKOM 2014 , makin maju aja üíÉ",https://yt3.ggpht.com/ytc/AIdro_k9RCvq4wHL6-F2dPeemm7t7rThiT9kVNxUMwcu48vg6dg=s48-c-k-c0x00ffffff-no-rj
145,lukmanadam8991,1,saya senang berkuliah di AMIKOM...,https://yt3.ggpht.com/ytc/AIdro_ndr5dw-bDV81NSRlvV0zwmZGjUx5R1oLpcoUGJbJA=s48-c-k-c0x00ffffff-no-rj
146,yudhatirapamungkas1204,3,BE YOURSELF AND NEVER SURRENDERSUCCESS FOR YOU AND FAMILYYOU ARE THE BESTINSPIRATION FOR EVERYONESTAY HEALTHY AND SAFE YOU AND FAMILYSTAY HOME AND GOODLUCK,https://yt3.ggpht.com/ytc/AIdro_lm9k5IPdHD2yktOds9g9NUjATldN7GC-ac3-Mo1RhmQko=s48-c-k-c0x00ffffff-no-rj
147,ahmadulil9376,2,kuliah mahal&quot; dateng ga di kasih gorengan,https://yt3.ggpht.com/ytc/AIdro_mrmPVQ9AfdOgar10jA-kqpUmxTxSpXTKxm40gF-YF9sg=s48-c-k-c0x00ffffff-no-rj
148,123hizkia,6,Kampus keren fasilitasnya lengkap ayo buruan daftar di AMIKOM,https://yt3.ggpht.com/ytc/AIdro_nk-mBuFf2Uk3bLsXmrULcmTpNfdTWB7fwEbARzMrZINA=s48-c-k-c0x00ffffff-no-rj
149,yorozouyaproject5442,6,"KEREEEENNN..... Kampus Demokrasi, yang selalu mendengar Aspirasi dari para mahasiswa nya!!!",https://yt3.ggpht.com/ytc/AIdro_l5OsEbF-V0-7J7F13NaeyWcKBfYX5UQbCf88tIjzbneg=s48-c-k-c0x00ffffff-no-rj
150,untalegend,6,Yg dislike pasti buzzer :v,https://yt3.ggpht.com/tK2ZTJtEUXYY0RvIlEFGdCKtwbPNkiG_eWytvaUewiabVvl5IY4ADWpWT4fLze0dSanvr6gEYg=s48-c-k-c0x00ffffff-no-rj
151,masdzub,2,Otw ndaftar amikom lagi,https://yt3.ggpht.com/ytc/AIdro_ljSIbZIuWIiKtbxJnkEa23cdx0IYCsTulfr9HnZHJbJb6t=s48-c-k-c0x00ffffff-no-rj
152,safitri3734,1,"Kak, total keseluruhan masuk amikom kira¬≤ berapa ya?",https://yt3.ggpht.com/ytc/AIdro_n2u2PxuopynaT_j7q4bVopS4sINm7K9yBGAWiHWLfTn6o=s48-c-k-c0x00ffffff-no-rj
153,ezhad0ank,2,"Ad lift skrg amikom, absensi msh kartu apa biometrik y",https://yt3.ggpht.com/ytc/AIdro_n6LCy_Mm6Bb06FpA1GBNJ9VsIs4obo3Ig4cTdI7bbynPs=s48-c-k-c0x00ffffff-no-rj
154,medinaavrilia2432,2,kak tes masuknya online atau datang ke amikon?,https://yt3.ggpht.com/ytc/AIdro_nG71LzzAmsN10jRYrr-S-3J0K8lsNWfiuwfZJtNxqldg=s48-c-k-c0x00ffffff-no-rj
155,nanacrunch7996,2,Kak akreditasi pascasarjana TI di amikom apa ya ?,https://yt3.ggpht.com/DL0fWEJh7uuROC6Q54NDSxX1ijuAcNeV0F5HPMMXsEBwTgr88oajpFa2EHap-YM1_CvEL_9yoQ=s48-c-k-c0x00ffffff-no-rj
156,jejaklangkah5035,3,Amikom menerima camaba kip kuliah gk kak?,https://yt3.ggpht.com/ytc/AIdro_krxQHbjbjqu_plKTLcygekx_xDG7su66VQtogIGRyTLg=s48-c-k-c0x00ffffff-no-rj
157,Boyolalitvofficial,1,Iklan di facebook donk,https://yt3.ggpht.com/daesBamJhH2T2rSuliwaZRrwY5vL7NIGx4nsFAkfS4D7yW8oDv7WVe2ifmYwa3kCFofEbbR24_o=s48-c-k-c0x00ffffff-no-rj
158,hello-ll1cw,4,Kak abang atau mas baju battle of surabaya atau tas dll dijual dishopee nanti aku beli semoga amikom menjadi universitas terbaik amin,https://yt3.ggpht.com/2AxwgZxT5U3y1a5AGzTasMaw3PzIUl98OJOJu7QgwG_RsN0Ku_GgWZd8evIFOXzyfePGKACKKR8=s48-c-k-c0x00ffffff-no-rj
159,caramaster2597,1,Fasilitas yg bagus,https://yt3.ggpht.com/kYTB5VowW7VMLwBwtd7KaTIAd0jnZPW4ug2nzowNNHdmuIKJ4z3Z4rIKDP9aoDpVf3wh68dV=s48-c-k-c0x00ffffff-no-rj
160,rudysusanto402,4,Jaman jamanny titip absen üòÅ,https://yt3.ggpht.com/ytc/AIdro_laGHS3YoRx70hJyw6eA7paBYfDbb7o9otDO5UcP84=s48-c-k-c0x00ffffff-no-rj
161,pramts,5,jadi pingin masuk informatika di amikom,https://yt3.ggpht.com/-QHt7g0Z0U2AuqAZpJycZzF87UpfSaTOsM7pWhutcQ-ARCXslQdCu4A43MPxh2DcxHX_7kqX=s48-c-k-c0x00ffffff-no-rj
162,ErikHadiSaputra,7,"Creative Economy Park, Terimakasih Updatenya Bang Dony Arius dan Tim :)Sukses dan Terbaikkk....",https://yt3.ggpht.com/ytc/AIdro_mDtaQjeQ9wCCU8cmVHDWEK8PWCThkLiDt_w_K3aIlwld4=s48-c-k-c0x00ffffff-no-rj
163,AyiChannel,7,Makin keren aja nih Amikom üëç,https://yt3.ggpht.com/ytc/AIdro_mtOTRnRS0p0KUqaksjfWGdwUP0dd19i6STvxIfC2lyeAI=s48-c-k-c0x00ffffff-no-rj
